dependencia,nombre_de_la_uc,claveuc,numero_procedimiento,tipo_procedimiento,tipo_contratacion,caracter,codigo_contrato,titulo_contrato,fecha_inicio,importe_contrato,proveedor_contratista,anuncio
"ADMINISTRACIÓN PORTUARIA INTEGRAL DE ALTAMIRA, S.A. DE C.V.","Departamento de Recursos Materiales",09176001,09176001-006-02,"Licitación Pública",Adquisiciones,Internacional,APIALT-RM-065/02,"1. Una Motobomba línea Custom construido conforme a NFPA 1901 última edición._x000D_<br/>2. Una Motobomba con tanque elíptico sobre chasis línea comercial construido conforme a NFPA 1901 última edición.",2002/11/19,463400,"HANHAUSEN VARCACIA, S.A. DE C.V.",http://web.compranet.gob.mx:8000/pls/cnet2k2/C2ContratosAdU.detalleadq?p_numcon=APIALT-RM-065/02&p_CveDep=09176&p_CveUni=001&p_NumeroLc=006&p_AnioLc=2002&ConSin=1
"ADMINISTRACIÓN PORTUARIA INTEGRAL DE ALTAMIRA, S.A. DE C.V.","Departamento de Recursos Materiales",09176001,09176001-007-02,"Licitación Pública",Adquisiciones,Internacional,APIALT-RM-061/02,"Sistema integral de seguridad marítimo portuario, consistente en equipos de monitoreo de circuito cerrado de televisión y equipos de control de acceso y vigilancia del puerto.",2002/10/21,3758926.57,"PRODAR SA DE CV",http://web.compranet.gob.mx:8000/pls/cnet2k2/C2ContratosAdU.detalleadq?p_numcon=APIALT-RM-061/02&p_CveDep=09176&p_CveUni=001&p_NumeroLc=007&p_AnioLc=2002&ConSin=1
"ADMINISTRACIÓN PORTUARIA INTEGRAL DE ALTAMIRA, S.A. DE C.V.","Departamento de Recursos Materiales",09176001,09176001-010-02,"Licitación Pública",Servicios,Nacional,APIALT-RM-004/03,"Vigilancia, custodia y seguridad portuaria",2002/12/30,4499784,"CORPORATIVO SANTANDER S.A DE C.V.",http://web.compranet.gob.mx:8000/pls/cnet2k2/C2ContratosAdU.detalleadq?p_numcon=APIALT-RM-004/03&p_CveDep=09176&p_CveUni=001&p_NumeroLc=010&p_AnioLc=2002&ConSin=1
"ADMINISTRACIÓN PORTUARIA INTEGRAL DE ALTAMIRA, S.A. DE C.V.","Departamento de Recursos Materiales",09176001,09176001-011-02,"Licitación Pública",Servicios,Nacional,APIALT-RM-001/03,"Servicio de Agencia de viajes",2002/12/26,800000,"INTERVIAJES, S.A. DE C.V.",http://web.compranet.gob.mx:8000/pls/cnet2k2/C2ContratosAdU.detalleadq?p_numcon=APIALT-RM-001/03&p_CveDep=09176&p_CveUni=001&p_NumeroLc=011&p_AnioLc=2002&ConSin=1
"ADMINISTRACIÓN PORTUARIA INTEGRAL DE ALTAMIRA, S.A. DE C.V.","Departamento de Recursos Materiales",09176001,09176001-013-02,"Licitación Pública",Servicios,Nacional,APIALT-RM-002/03,"Suministro de papelería",2002/12/26,80000,"PROVEEDORA DE IMPRENTAS,SA. DE CV.",http://web.compranet.gob.mx:8000/pls/cnet2k2/C2ContratosAdU.detalleadq?p_numcon=APIALT-RM-002/03&p_CveDep=09176&p_CveUni=001&p_NumeroLc=013&p_AnioLc=2002&ConSin=1
"ADMINISTRACIÓN PORTUARIA INTEGRAL DE ALTAMIRA, S.A. DE C.V.","Departamento de Recursos Materiales",09176001,09176001-014-02,"Licitación Pública",Servicios,Nacional,APIALT-RM-003/03,"Suministro de alimentos para el personal de la Entidad",2002/12/19,850000,"JOSÉ EDUARDO LEAL LÓPEZ",http://web.compranet.gob.mx:8000/pls/cnet2k2/C2ContratosAdU.detalleadq?p_numcon=APIALT-RM-003/03&p_CveDep=09176&p_CveUni=001&p_NumeroLc=014&p_AnioLc=2002&ConSin=1
"ADMINISTRACIÓN PORTUARIA INTEGRAL DE ALTAMIRA, S.A. DE C.V.","Departamento de Recursos Materiales",09176001,09176001-015-02,"Licitación Pública",Servicios,Nacional,APIALT-RM-005/03,"Servicio de Limpieza.",2002/12/26,468442.56,"MARTIN DEL ANGEL OLIVO FLORES",http://web.compranet.gob.mx:8000/pls/cnet2k2/C2ContratosAdU.detalleadq?p_numcon=APIALT-RM-005/03&p_CveDep=09176&p_CveUni=001&p_NumeroLc=015&p_AnioLc=2002&ConSin=1
"ADMINISTRACIÓN PORTUARIA INTEGRAL DE ALTAMIRA, S.A. DE C.V.","Departamento de Recursos Materiales",09176001,09176001-002-02,"Licitación Pública",Adquisiciones,Nacional,OC-217/2002,"1.- 7 piezas de HP Vectra VL800 P4 1700 20G 128 Rage CD Desktop, Pentium 4 Modelo P7867A, con monitor HP 54 15"" Color, modelo D8899A._x000D_<br/>2.- 5 piezas de HP Vectra VL800 P4 1700 20G 128 Rage CD Desktop, Pentium 4 Modelo P7867A, con monitor HP 72 17"" Color, Modelo D8904A._x000D_<br/>3.- 2 piezas de HP server tc110 PA-1.7GHz scsi m18, Modelo P5498A, incluye un P4-1.7GHz CPU, 1GB SFRAM, 18 GB Ultra 3_x000D_<br/>4.- 1 pieza Toshiba Satellite 1800-S274._x000D_<br/>5.- 4 piezas Videoproyector Infocus LP-530, con módulo de expansión",2002/09/06,158600,"GRUPO KASCOM, S.A. DE C.V.",http://web.compranet.gob.mx:8000/pls/cnet2k2/C2ContratosAdU.detalleadq?p_numcon=OC-217/2002&p_CveDep=09176&p_CveUni=001&p_NumeroLc=002&p_AnioLc=2002&ConSin=1
"ADMINISTRACIÓN PORTUARIA INTEGRAL DE ALTAMIRA, S.A. DE C.V.","Departamento de Recursos Materiales",09176001,09176001-002-02,"Licitación Pública",Adquisiciones,Nacional,OC-218/2002,"1.- 7 piezas de HP Vectra VL800 P4 1700 20G 128 Rage CD Desktop, Pentium 4 Modelo P7867A, con monitor HP 54 15"" Color, modelo D8899A._x000D_<br/>2.- 5 piezas de HP Vectra VL800 P4 1700 20G 128 Rage CD Desktop, Pentium 4 Modelo P7867A, con monitor HP 72 17"" Color, Modelo D8904A._x000D_<br/>3.- 2 piezas de HP server tc110 PA-1.7GHz scsi m18, Modelo P5498A, incluye un P4-1.7GHz CPU, 1GB SFRAM, 18 GB Ultra 3_x000D_<br/>4.- 1 pieza Toshiba Satellite 1800-S274._x000D_<br/>5.- 4 piezas Videoproyector Infocus LP-530, con módulo de expansión",2002/09/06,55330,"GRUPO SIGMA DIVISION GOLFO S.A. DE C.V.",http://web.compranet.gob.mx:8000/pls/cnet2k2/C2ContratosAdU.detalleadq?p_numcon=OC-218/2002&p_CveDep=09176&p_CveUni=001&p_NumeroLc=002&p_AnioLc=2002&ConSin=1
"ADMINISTRACIÓN PORTUARIA INTEGRAL DE ALTAMIRA, S.A. DE C.V.","Departamento de Recursos Materiales",09176001,09176001-008-02,"Licitación Pública",Adquisiciones,Nacional,S/N,"1. Dos Automóviles 4 puertas, con aire acondicionado, Tipo Sentra XE, Marca Nissan modelo 2002._x000D_<br/>2. Una camioneta, con aire acondicionado, Tipo wagon 1500, Marca Dodge, modelo 2002.",2002/10/31,231130,"VEHICULOS ALTAMIRA, S.A. DE C.V.",http://web.compranet.gob.mx:8000/pls/cnet2k2/C2ContratosAdU.detalleadq?p_numcon=S/N&p_CveDep=09176&p_CveUni=001&p_NumeroLc=008&p_AnioLc=2002&ConSin=1
"ADMINISTRACIÓN PORTUARIA INTEGRAL DE ALTAMIRA, S.A. DE C.V.","Departamento de Recursos Materiales",09176001,09176001-009-02,"Licitación Pública",Adquisiciones,Internacional,OC-291/2002,"1.-Una Ambulancia de Urgencias tipo II._x000D_<br/>2.-Una Ambulancia de Urgencias tipo III.",2002/10/30,600000,"AUTO IDEAL S.A DE C.V",http://web.compranet.gob.mx:8000/pls/cnet2k2/C2ContratosAdU.detalleadq?p_numcon=OC-291/2002&p_CveDep=09176&p_CveUni=001&p_NumeroLc=009&p_AnioLc=2002&ConSin=1
"ADMINISTRACIÓN PORTUARIA INTEGRAL DE ALTAMIRA, S.A. DE C.V.","Departamento de Recursos Materiales",09176001,09176001-002-02,"Licitación Pública",Adquisiciones,Nacional,OC-215/2002,"1.- 7 piezas de HP Vectra VL800 P4 1700 20G 128 Rage CD Desktop, Pentium 4 Modelo P7867A, con monitor HP 54 15"" Color, modelo D8899A._x000D_<br/>2.- 5 piezas de HP Vectra VL800 P4 1700 20G 128 Rage CD Desktop, Pentium 4 Modelo P7867A, con monitor HP 72 17"" Color, Modelo D8904A._x000D_<br/>3.- 2 piezas de HP server tc110 PA-1.7GHz scsi m18, Modelo P5498A, incluye un P4-1.7GHz CPU, 1GB SFRAM, 18 GB Ultra 3_x000D_<br/>4.- 1 pieza Toshiba Satellite 1800-S274._x000D_<br/>5.- 4 piezas Videoproyector Infocus LP-530, con módulo de expansión",2002/08/30,147395,"SOLUCIONES INTEGRALES DE TAMPICO S.A DE C.V.",http://web.compranet.gob.mx:8000/pls/cnet2k2/C2ContratosAdU.detalleadq?p_numcon=OC-215/2002&p_CveDep=09176&p_CveUni=001&p_NumeroLc=002&p_AnioLc=2002&ConSin=1
"ADMINISTRACIÓN PORTUARIA INTEGRAL DE ALTAMIRA, S.A. DE C.V.","Departamento de Recursos Materiales",09176001,09176001-002-02,"Licitación Pública",Adquisiciones,Nacional,OC-215-2002,"1.- 7 piezas de HP Vectra VL800 P4 1700 20G 128 Rage CD Desktop, Pentium 4 Modelo P7867A, con monitor HP 54 15"" Color, modelo D8899A._x000D_<br/>2.- 5 piezas de HP Vectra VL800 P4 1700 20G 128 Rage CD Desktop, Pentium 4 Modelo P7867A, con monitor HP 72 17"" Color, Modelo D8904A._x000D_<br/>3.- 2 piezas de HP server tc110 PA-1.7GHz scsi m18, Modelo P5498A, incluye un P4-1.7GHz CPU, 1GB SFRAM, 18 GB Ultra 3_x000D_<br/>4.- 1 pieza Toshiba Satellite 1800-S274._x000D_<br/>5.- 4 piezas Videoproyector Infocus LP-530, con módulo de expansión",2002/09/06,29400,"SOLUCIONES INTEGRALES DE TAMPICO S.A DE C.V.",http://web.compranet.gob.mx:8000/pls/cnet2k2/C2ContratosAdU.detalleadq?p_numcon=OC-215-2002&p_CveDep=09176&p_CveUni=001&p_NumeroLc=002&p_AnioLc=2002&ConSin=1
"ADMINISTRACIÓN PORTUARIA INTEGRAL DE ALTAMIRA, S.A. DE C.V.","Departamento de Recursos Materiales",09176001,09176001-002-02,"Licitación Pública",Adquisiciones,Nacional,OC-216/2002,"1.- 7 piezas de HP Vectra VL800 P4 1700 20G 128 Rage CD Desktop, Pentium 4 Modelo P7867A, con monitor HP 54 15"" Color, modelo D8899A._x000D_<br/>2.- 5 piezas de HP Vectra VL800 P4 1700 20G 128 Rage CD Desktop, Pentium 4 Modelo P7867A, con monitor HP 72 17"" Color, Modelo D8904A._x000D_<br/>3.- 2 piezas de HP server tc110 PA-1.7GHz scsi m18, Modelo P5498A, incluye un P4-1.7GHz CPU, 1GB SFRAM, 18 GB Ultra 3_x000D_<br/>4.- 1 pieza Toshiba Satellite 1800-S274._x000D_<br/>5.- 4 piezas Videoproyector Infocus LP-530, con módulo de expansión",2002/08/30,28000,"SERVICIO DIGITAL EMPRESARIAL, S.A. DE C.V.",http://web.compranet.gob.mx:8000/pls/cnet2k2/C2ContratosAdU.detalleadq?p_numcon=OC-216/2002&p_CveDep=09176&p_CveUni=001&p_NumeroLc=002&p_AnioLc=2002&ConSin=1
"ADMINISTRACIÓN PORTUARIA INTEGRAL DE ALTAMIRA, S.A. DE C.V.","Departamento de Recursos Materiales",09176001,09176001-004-02,"Licitación Pública",Adquisiciones,Nacional,OC-268/2002,"1. Un Autobús modelo 2002 para transporte de personal con capacidad de 40 pasajeros como mínimo, transmisión estándar de 5 velocidades con dual, aire acondicionado, etc._x000D_<br/>2. Un Camión de carga  modelo 2002, con caja de redilas, 8 cilindros, transmisión manual, capacidad de carga efectiva no menor de 2.6 y no mayor de 3  toneladas, etc.",2002/10/11,248695.65,"AUTO IDEAL S.A DE C.V",http://web.compranet.gob.mx:8000/pls/cnet2k2/C2ContratosAdU.detalleadq?p_numcon=OC-268/2002&p_CveDep=09176&p_CveUni=001&p_NumeroLc=004&p_AnioLc=2002&ConSin=1
"ADMINISTRACIÓN PORTUARIA INTEGRAL DE ALTAMIRA, S.A. DE C.V.","Departamento de Recursos Materiales",09176001,09176001-004-02,"Licitación Pública",Adquisiciones,Nacional,OS-267/2002,"1. Un Autobús modelo 2002 para transporte de personal con capacidad de 40 pasajeros como mínimo, transmisión estándar de 5 velocidades con dual, aire acondicionado, etc._x000D_<br/>2. Un Camión de carga  modelo 2002, con caja de redilas, 8 cilindros, transmisión manual, capacidad de carga efectiva no menor de 2.6 y no mayor de 3  toneladas, etc.",2002/10/11,809000,"TRACTOREMOLQUES Y REFACCIONES DEL NORTE, S.A. DE C.V.",http://web.compranet.gob.mx:8000/pls/cnet2k2/C2ContratosAdU.detalleadq?p_numcon=OS-267/2002&p_CveDep=09176&p_CveUni=001&p_NumeroLc=004&p_AnioLc=2002&ConSin=1
"ADMINISTRACIÓN PORTUARIA INTEGRAL DE ALTAMIRA, S.A. DE C.V.","Departamento de Concursos y Contratos",9176002,09176002-001-02,"Licitación Pública","Obra Publica",Nacional,APIALT-CP-001/02,"Levantamientos Topográficos y de detalle en general, en Puerto Altamira, Tamps.",2002/03/15,833066.84,"INGENIERIA, ECOLOGIA Y MANTENIMIENTO INTEGRAL, S.A. DE C.V.",http://web.compranet.gob.mx:8000/pls/cnet2k2/C2ContratosOpU.detalle?p_numconobr=APIALT-CP-001/02&p_CveDep=09176&p_CveUni=002&p_NumeroLc=001&p_AnioLc=2002&ConSin=1
"ADMINISTRACIÓN PORTUARIA INTEGRAL DE ALTAMIRA, S.A. DE C.V.","Departamento de Concursos y Contratos",9176002,09176002-002-02,"Licitación Pública","Obra Publica",Nacional,APIALT-CP-002/02,"Estudios en general de Mecánica de Suelos y Control de la Calidad en Puerto Altamira, Tamps.",2002/03/15,529315.1,"BUFETE DE CONTROL DE CALIDAD, S.A. DE C.V.",http://web.compranet.gob.mx:8000/pls/cnet2k2/C2ContratosOpU.detalle?p_numconobr=APIALT-CP-002/02&p_CveDep=09176&p_CveUni=002&p_NumeroLc=002&p_AnioLc=2002&ConSin=1
"ADMINISTRACIÓN PORTUARIA INTEGRAL DE ALTAMIRA, S.A. DE C.V.","Departamento de Concursos y Contratos",9176002,09176002-003-02,"Licitación Pública","Obra Publica",Nacional,APIALT-CP-003/02,"Limpieza de vialidades y zonas adyacentes, en las bermas de servicio de Puerto Altamira, Tamps.",2002/04/19,878497.18,"JAIME IGNACIO ROJAS MÉNDEZ",http://web.compranet.gob.mx:8000/pls/cnet2k2/C2ContratosOpU.detalle?p_numconobr=APIALT-CP-003/02&p_CveDep=09176&p_CveUni=002&p_NumeroLc=003&p_AnioLc=2002&ConSin=1
"ADMINISTRACIÓN PORTUARIA INTEGRAL DE ALTAMIRA, S.A. DE C.V.","Departamento de Concursos y Contratos",9176002,09176002-004-02,"Licitación Pública","Obra Publica",Nacional,APIALT-CP-004/02,"Mantenimiento a vialidades de Puerto Altamira, Tamps.",2002/04/19,2282452.73,"DISEÑO ESPACIAL Y SUPERVISION, S.A. DE C.V.",http://web.compranet.gob.mx:8000/pls/cnet2k2/C2ContratosOpU.detalle?p_numconobr=APIALT-CP-004/02&p_CveDep=09176&p_CveUni=002&p_NumeroLc=004&p_AnioLc=2002&ConSin=1
"ADMINISTRACIÓN PORTUARIA INTEGRAL DE ALTAMIRA, S.A. DE C.V.","Departamento de Concursos y Contratos",9176002,09176002-005-02,"Licitación Pública","Obra Publica",Nacional,APIALT-CP-005/02,"Mantenimiento y operación del vivero ""El Edén"" dentro de Puerto Altamira, Tamps",2002/04/19,717369.4,"MEXICANA DE SERVICIOS DEL NORESTE S.A. DE C.V.",http://web.compranet.gob.mx:8000/pls/cnet2k2/C2ContratosOpU.detalle?p_numconobr=APIALT-CP-005/02&p_CveDep=09176&p_CveUni=002&p_NumeroLc=005&p_AnioLc=2002&ConSin=1
"ADMINISTRACIÓN PORTUARIA INTEGRAL DE ALTAMIRA, S.A. DE C.V.","Departamento de Concursos y Contratos",9176002,09176002-009-02,"Licitación Pública","Obra Publica",Nacional,APIALT-CP-009/02,"Ampliación de la infraestructura industrial de Puerto Altamira, Tamps., dentro de las bermas Golfo de California y Soto la Marina.",2002/09/06,15374325.97,"TECNO ASFALTOS DEL GOLFO S.A. DE C.V.",http://web.compranet.gob.mx:8000/pls/cnet2k2/C2ContratosOpU.detalle?p_numconobr=APIALT-CP-009/02&p_CveDep=09176&p_CveUni=002&p_NumeroLc=009&p_AnioLc=2002&ConSin=1
"ADMINISTRACIÓN PORTUARIA INTEGRAL DE ALTAMIRA, S.A. DE C.V.","Departamento de Concursos y Contratos",9176002,09176002-008-02,"Licitación Pública","Obra Publica",Nacional,APIALT-CP-007/02,"Nivelación de predio de 12.7 ha., al sur de la calle Mar Caribe, en la Terminal de Usos Múltiples de Puerto Altamira, Tamps.",2002/05/31,1290308.65,"DESARROLLO Y PROYECTOS DE LAS HUASTECAS SA DE CV",http://web.compranet.gob.mx:8000/pls/cnet2k2/C2ContratosOpU.detalle?p_numconobr=APIALT-CP-007/02&p_CveDep=09176&p_CveUni=002&p_NumeroLc=008&p_AnioLc=2002&ConSin=1
"ADMINISTRACIÓN PORTUARIA INTEGRAL DE ALTAMIRA, S.A. DE C.V.","Departamento de Concursos y Contratos",9176002,09176002-010-02,"Licitación Pública","Obra Publica",Nacional,APIALT-CP-008/02,"Formación de terracerías para construcción de línea eléctrica al faro y camino de servicio",2002/09/10,4936081.48,"GMC, S.A. DE C.V.",http://web.compranet.gob.mx:8000/pls/cnet2k2/C2ContratosOpU.detalle?p_numconobr=APIALT-CP-008/02&p_CveDep=09176&p_CveUni=002&p_NumeroLc=010&p_AnioLc=2002&ConSin=1
"ADMINISTRACIÓN PORTUARIA INTEGRAL DE ALTAMIRA, S.A. DE C.V.","Departamento de Concursos y Contratos",9176002,09176002-006-02,"Licitación Pública","Obra Publica",Nacional,APIALT-CP-006/02,"Construcción de un 3er. ladero oriente en la Terminal de Usos Múltiples de Puerto Altamira, Tamps.",2002/05/24,3486956.84,"DISEÑO ESPACIAL Y SUPERVISION, S.A. DE C.V.",http://web.compranet.gob.mx:8000/pls/cnet2k2/C2ContratosOpU.detalle?p_numconobr=APIALT-CP-006/02&p_CveDep=09176&p_CveUni=002&p_NumeroLc=006&p_AnioLc=2002&ConSin=1
"ADMINISTRACIÓN PORTUARIA INTEGRAL DE ALTAMIRA, S.A. DE C.V.","Departamento de Concursos y Contratos",9176002,09176002-011-02,"Licitación Pública","Obra Publica",Nacional,APIALT-CP-010/02,"Ampliación del estacionamiento para trailers en el Puerto Industrial de Altamira, Tamps.",2002/09/12,2291594.1,"PROCESOS Y CONSTRUCCIONES GLOBAL, S.A. DE C.V.",http://web.compranet.gob.mx:8000/pls/cnet2k2/C2ContratosOpU.detalle?p_numconobr=APIALT-CP-010/02&p_CveDep=09176&p_CveUni=002&p_NumeroLc=011&p_AnioLc=2002&ConSin=1
"ADMINISTRACIÓN PORTUARIA INTEGRAL DE ALTAMIRA, S.A. DE C.V.","Departamento de Concursos y Contratos",9176002,09176002-012-02,"Licitación Pública","Obra Publica",Nacional,APIALT-CP-011/02,"Continuación de la construcción de dos puentes vehiculares en el distribuidor vial  ubicado en el km. 0+000 del Bulevar de los Ríos, en el Puerto Industrial de Altamira, Tamps.",2002/09/12,3165917.41,"GMC, S.A. DE C.V.",http://web.compranet.gob.mx:8000/pls/cnet2k2/C2ContratosOpU.detalle?p_numconobr=APIALT-CP-011/02&p_CveDep=09176&p_CveUni=002&p_NumeroLc=012&p_AnioLc=2002&ConSin=1
"ADMINISTRACIÓN PORTUARIA INTEGRAL DE ALTAMIRA, S.A. DE C.V.","Departamento de Concursos y Contratos",9176002,09176002-013-02,"Licitación Pública","Obra Publica",Nacional,APIALT-CP-012/02,"Interconexión del distribuidor vial con el corredor urbano Madero-Altamira (cuerpo norte), en el Puerto Industrial de Altamira, Tamps.",2002/09/18,7426548.5,"GMC, S.A. DE C.V.",http://web.compranet.gob.mx:8000/pls/cnet2k2/C2ContratosOpU.detalle?p_numconobr=APIALT-CP-012/02&p_CveDep=09176&p_CveUni=002&p_NumeroLc=013&p_AnioLc=2002&ConSin=1
"ADMINISTRACIÓN PORTUARIA INTEGRAL DE ALTAMIRA, S.A. DE C.V.","Departamento de Concursos y Contratos",9176002,09176002-015-02,"Licitación Pública","Obra Publica",Internacional,APIALT-CP-013/02,"Dragado de construcción en el Puerto Industrial de Altamira, Tamps.",2002/11/04,16514160.41,"DRAGAMEX, S.A. DE C.V.",http://web.compranet.gob.mx:8000/pls/cnet2k2/C2ContratosOpU.detalle?p_numconobr=APIALT-CP-013/02&p_CveDep=09176&p_CveUni=002&p_NumeroLc=015&p_AnioLc=2002&ConSin=1
"ADMINISTRACIÓN PORTUARIA INTEGRAL DE BAJA CALIFORNIA SUR S.A. DE C.V.","Comité de Adquisiciones y Adjudicación de Obra Pública",9170001,09170001-001-02,"Licitación Pública","Obra Publica",Nacional,APIBCS-010-02,"Remodelación del Andador Turístico, VI Etapa.",2002/07/29,3840323.38,"CATARINO AGUIRRE LIZARRAGA",http://web.compranet.gob.mx:8000/pls/cnet2k2/C2ContratosOpU.detalle?p_numconobr=APIBCS-010-02&p_CveDep=09170&p_CveUni=001&p_NumeroLc=001&p_AnioLc=2002&ConSin=1
"ADMINISTRACIÓN PORTUARIA INTEGRAL DE BAJA CALIFORNIA SUR S.A. DE C.V.","Comité de Adquisiciones y Adjudicación de Obra Pública",9170001,09170001-002-02,"Licitación Pública","Obra Publica",Nacional,APIBCS-011-02,"Remodelación del Andador Turístico frente a la explanada, VII etapa.",2002/08/21,1319577.6,"JESUS LINO AGUIRRE ROSALES",http://web.compranet.gob.mx:8000/pls/cnet2k2/C2ContratosOpU.detalle?p_numconobr=APIBCS-011-02&p_CveDep=09170&p_CveUni=001&p_NumeroLc=002&p_AnioLc=2002&ConSin=1
"ADMINISTRACIÓN PORTUARIA INTEGRAL DE COATZACOALCOS, S.A. DE C.V.","Jefatura de Recursos Materiales",09183001,09183001-001-02,"Licitación Pública",Servicios,Nacional,APIC-CSERV-008-2002,"SERVICIO DE VIGILANCIA, SEGURIDAD Y CONTROL DE ACCESO EN EL RECINTO PORTUARIO DE COATZACOALCOS, VERACRUZ.",2002/07/24,2754662.3,"UNIDAD ESPECIALIZADA DE VIGILANCIA DEL SUR, S.A. DE C.V.",http://web.compranet.gob.mx:8000/pls/cnet2k2/C2ContratosAdU.detalleadq?p_numcon=APIC-CSERV-008-2002&p_CveDep=09183&p_CveUni=001&p_NumeroLc=001&p_AnioLc=2002&ConSin=1
"ADMINISTRACIÓN PORTUARIA INTEGRAL DE COATZACOALCOS, S.A. DE C.V.","Jefatura de Recursos Materiales",09183001,09183001-002-02,"Licitación Pública",Servicios,Nacional,APIC-CSERV-009/2002,"MANTENIMIENTO A EQUIPO DE TRANSPORTE",2002/07/24,292803.14,"GRUPO PROASIP, S. A. DE C. V.",http://web.compranet.gob.mx:8000/pls/cnet2k2/C2ContratosAdU.detalleadq?p_numcon=APIC-CSERV-009/2002&p_CveDep=09183&p_CveUni=001&p_NumeroLc=002&p_AnioLc=2002&ConSin=1
"ADMINISTRACIÓN PORTUARIA INTEGRAL DE COATZACOALCOS, S.A. DE C.V.","Jefatura de Recursos Materiales",09183001,09183001-003-02,"Licitación Pública",Adquisiciones,Nacional,APIC-CSERV-010/2002,"MANTENIMIENTO Y CONSERVACIÓN DE MAQUINARIA Y EQUIPO",2002/07/22,42700,"DISTRIBUIDORA Y SERVICIOS AUTOMOTRICES ARROMOT, S.A. DE C.V.",http://web.compranet.gob.mx:8000/pls/cnet2k2/C2ContratosAdU.detalleadq?p_numcon=APIC-CSERV-010/2002&p_CveDep=09183&p_CveUni=001&p_NumeroLc=003&p_AnioLc=2002&ConSin=1
"ADMINISTRACIÓN PORTUARIA INTEGRAL DE COATZACOALCOS, S.A. DE C.V.","Jefatura de Recursos Materiales",09183001,09183001-004-02,"Licitación Pública",Adquisiciones,Nacional,APIC-CSERV-012-2002,"REPARACION GENERAL DE LA LANCHA CONTRAINCENDIO ""MANZANILLO""",2002/10/11,624260,"TECNOSERVICIOS INDUSTRIALES DEL SUR, S.R.L.",http://web.compranet.gob.mx:8000/pls/cnet2k2/C2ContratosAdU.detalleadq?p_numcon=APIC-CSERV-012-2002&p_CveDep=09183&p_CveUni=001&p_NumeroLc=004&p_AnioLc=2002&ConSin=1
"ADMINISTRACIÓN PORTUARIA INTEGRAL DE COATZACOALCOS, S.A. DE C.V.","Jefatura de Recursos Materiales",09183001,09183001-005-02,"Licitación Pública",Adquisiciones,Nacional,APIC-CSERV-013-2002,"FABRICACIÓN DE BOYAS Y TORRETAS",2002/10/11,161681.88,"ALEJANDRO CORTEZ CRUZ",http://web.compranet.gob.mx:8000/pls/cnet2k2/C2ContratosAdU.detalleadq?p_numcon=APIC-CSERV-013-2002&p_CveDep=09183&p_CveUni=001&p_NumeroLc=005&p_AnioLc=2002&ConSin=1
"ADMINISTRACIÓN PORTUARIA INTEGRAL DE COATZACOALCOS, S.A. DE C.V.","Jefatura de Recursos Materiales",09183001,09183001-006-02,"Licitación Pública",Adquisiciones,Nacional,1106,"ADQUISICIÓN DE EQUIPO DE TRANSPORTE",2002/10/11,691500,"JUAN OSORIO LOPEZ AUTOS, S.A. DE C.V.",http://web.compranet.gob.mx:8000/pls/cnet2k2/C2ContratosAdU.detalleadq?p_numcon=1106&p_CveDep=09183&p_CveUni=001&p_NumeroLc=006&p_AnioLc=2002&ConSin=1
"ADMINISTRACIÓN PORTUARIA INTEGRAL DE COATZACOALCOS, S.A. DE C.V.","Jefatura de Recursos Materiales",09183001,09183001-007-02,"Licitación Pública",Adquisiciones,Nacional,APIC-CADQ-002-2002,"ADQUISICIÓN DE LANCHA Y EQUIPO MARINO",2002/10/22,244222,"TECNOPESCA MEXICANA, S.A DE C.V",http://web.compranet.gob.mx:8000/pls/cnet2k2/C2ContratosAdU.detalleadq?p_numcon=APIC-CADQ-002-2002&p_CveDep=09183&p_CveUni=001&p_NumeroLc=007&p_AnioLc=2002&ConSin=1
"ADMINISTRACIÓN PORTUARIA INTEGRAL DE COATZACOALCOS, S.A. DE C.V.","Jefatura de Recursos Materiales",09183001,09183001-008-02,"Licitación Pública",Adquisiciones,Nacional,1135,"ADQUISICION DE MATERIAL ELECTRICO Y DE FERRETERIA",2002/11/01,70415.6,"COMERCIAL ELECTROFERRETERA BARMAT'S, S.A. DE C.V.",http://web.compranet.gob.mx:8000/pls/cnet2k2/C2ContratosAdU.detalleadq?p_numcon=1135&p_CveDep=09183&p_CveUni=001&p_NumeroLc=008&p_AnioLc=2002&ConSin=1
"ADMINISTRACIÓN PORTUARIA INTEGRAL DE COATZACOALCOS, S.A. DE C.V.","Jefatura de Recursos Materiales",09183001,09183001-008-02,"Licitación Pública",Adquisiciones,Nacional,1138,"ADQUISICION DE MATERIAL ELECTRICO Y DE FERRETERIA",2002/11/01,22329.22,"GESTION INTEGRAL EMPRESARIAL SA DE CV",http://web.compranet.gob.mx:8000/pls/cnet2k2/C2ContratosAdU.detalleadq?p_numcon=1138&p_CveDep=09183&p_CveUni=001&p_NumeroLc=008&p_AnioLc=2002&ConSin=1
"ADMINISTRACIÓN PORTUARIA INTEGRAL DE COATZACOALCOS, S.A. DE C.V.","Jefatura de Recursos Materiales",09183001,09183001-008-02,"Licitación Pública",Adquisiciones,Nacional,1140,"ADQUISICION DE MATERIAL ELECTRICO Y DE FERRETERIA",2002/11/06,17560.6,"PROVEEDOR ELECTRICO DEL ISTMO, S.A DE C.V.",http://web.compranet.gob.mx:8000/pls/cnet2k2/C2ContratosAdU.detalleadq?p_numcon=1140&p_CveDep=09183&p_CveUni=001&p_NumeroLc=008&p_AnioLc=2002&ConSin=1
"ADMINISTRACIÓN PORTUARIA INTEGRAL DE COATZACOALCOS, S.A. DE C.V.","Jefatura de Recursos Materiales",09183001,09183001-009-02,"Licitación Pública",Adquisiciones,Nacional,1142,"ADQUISICION DE EQUIPO DE SEGURIDAD Y CONTRAINCENDIO",2002/11/01,11800,"SURO SA DE CV",http://web.compranet.gob.mx:8000/pls/cnet2k2/C2ContratosAdU.detalleadq?p_numcon=1142&p_CveDep=09183&p_CveUni=001&p_NumeroLc=009&p_AnioLc=2002&ConSin=1
"ADMINISTRACIÓN PORTUARIA INTEGRAL DE COATZACOALCOS, S.A. DE C.V.","Jefatura de Recursos Materiales",09183001,09183001-009-02,"Licitación Pública",Adquisiciones,Nacional,1143,"ADQUISICION DE EQUIPO DE SEGURIDAD Y CONTRAINCENDIO",2002/11/01,83064.32,"SALMAR SUMINISTROS SA DE CV",http://web.compranet.gob.mx:8000/pls/cnet2k2/C2ContratosAdU.detalleadq?p_numcon=1143&p_CveDep=09183&p_CveUni=001&p_NumeroLc=009&p_AnioLc=2002&ConSin=1
"ADMINISTRACIÓN PORTUARIA INTEGRAL DE COATZACOALCOS, S.A. DE C.V.","Jefatura de Recursos Materiales",09183001,09183001-009-02,"Licitación Pública",Adquisiciones,Nacional,1144,"ADQUISICION DE EQUIPO DE SEGURIDAD Y CONTRAINCENDIO",2002/11/01,12249.6,"PRODUCTOS ESPECIALES DE ALTA TECNOLOGIA,S.A DE C.V",http://web.compranet.gob.mx:8000/pls/cnet2k2/C2ContratosAdU.detalleadq?p_numcon=1144&p_CveDep=09183&p_CveUni=001&p_NumeroLc=009&p_AnioLc=2002&ConSin=1
"ADMINISTRACIÓN PORTUARIA INTEGRAL DE COATZACOALCOS, S.A. DE C.V.","Jefatura de Recursos Materiales",09183001,09183001-009-02,"Licitación Pública",Adquisiciones,Nacional,1145,"ADQUISICION DE EQUIPO DE SEGURIDAD Y CONTRAINCENDIO",2002/11/01,42309.5,"IMPORTACIONES PRODUCTOS Y SERVICIOS S.A. DE C.V.",http://web.compranet.gob.mx:8000/pls/cnet2k2/C2ContratosAdU.detalleadq?p_numcon=1145&p_CveDep=09183&p_CveUni=001&p_NumeroLc=009&p_AnioLc=2002&ConSin=1
"ADMINISTRACIÓN PORTUARIA INTEGRAL DE COATZACOALCOS, S.A. DE C.V.","Jefatura de Recursos Materiales",09183001,09183001-009-02,"Licitación Pública",Adquisiciones,Nacional,1146,"ADQUISICION DE EQUIPO DE SEGURIDAD Y CONTRAINCENDIO",2002/11/01,101016.8,"IMPORTACIONES PRODUCTOS Y SERVICIOS S.A. DE C.V.",http://web.compranet.gob.mx:8000/pls/cnet2k2/C2ContratosAdU.detalleadq?p_numcon=1146&p_CveDep=09183&p_CveUni=001&p_NumeroLc=009&p_AnioLc=2002&ConSin=1
"ADMINISTRACIÓN PORTUARIA INTEGRAL DE COATZACOALCOS, S.A. DE C.V.","Jefatura de Recursos Materiales",09183001,09183001-009-02,"Licitación Pública",Adquisiciones,Nacional,1148,"ADQUISICION DE EQUIPO DE SEGURIDAD Y CONTRAINCENDIO",2002/11/01,12479,"IMPORTADORA Y COM. DE ARTS. DE SEG. Y C. INCENDIO,SA..DE C.V",http://web.compranet.gob.mx:8000/pls/cnet2k2/C2ContratosAdU.detalleadq?p_numcon=1148&p_CveDep=09183&p_CveUni=001&p_NumeroLc=009&p_AnioLc=2002&ConSin=1
"ADMINISTRACIÓN PORTUARIA INTEGRAL DE COATZACOALCOS, S.A. DE C.V.","Jefatura de Recursos Materiales",09183001,09183001-009-02,"Licitación Pública",Adquisiciones,Nacional,1149,"ADQUISICION DE EQUIPO DE SEGURIDAD Y CONTRAINCENDIO",2002/11/01,34543,"SALMAR SUMINISTROS SA DE CV",http://web.compranet.gob.mx:8000/pls/cnet2k2/C2ContratosAdU.detalleadq?p_numcon=1149&p_CveDep=09183&p_CveUni=001&p_NumeroLc=009&p_AnioLc=2002&ConSin=1
"ADMINISTRACIÓN PORTUARIA INTEGRAL DE COATZACOALCOS, S.A. DE C.V.","Jefatura de Recursos Materiales",09183001,09183001-010-02,"Licitación Pública",Adquisiciones,Nacional,1184,"ADQUISICIÓN DE EQUIPO DE CÓMPUTO",2002/11/21,399459.23,"ICSI COMERCIAL S.A DE C.V",http://web.compranet.gob.mx:8000/pls/cnet2k2/C2ContratosAdU.detalleadq?p_numcon=1184&p_CveDep=09183&p_CveUni=001&p_NumeroLc=010&p_AnioLc=2002&ConSin=1
"ADMINISTRACIÓN PORTUARIA INTEGRAL DE COATZACOALCOS, S.A. DE C.V.","Jefatura de Recursos Materiales",09183001,09183001-010-02,"Licitación Pública",Adquisiciones,Nacional,1185,"ADQUISICIÓN DE EQUIPO DE CÓMPUTO",2002/11/21,119610,"VENTA Y ASESORIA EN COMPUTACION S.A. DE C.V.",http://web.compranet.gob.mx:8000/pls/cnet2k2/C2ContratosAdU.detalleadq?p_numcon=1185&p_CveDep=09183&p_CveUni=001&p_NumeroLc=010&p_AnioLc=2002&ConSin=1
"ADMINISTRACIÓN PORTUARIA INTEGRAL DE COATZACOALCOS, S.A. DE C.V.","Jefatura de Recursos Materiales",09183001,09183001-010-02,"Licitación Pública",Adquisiciones,Nacional,1187,"ADQUISICIÓN DE EQUIPO DE CÓMPUTO",2002/11/21,145858,"S.O.S. EN COMPUTACIÓN S.A. DE C.V.",http://web.compranet.gob.mx:8000/pls/cnet2k2/C2ContratosAdU.detalleadq?p_numcon=1187&p_CveDep=09183&p_CveUni=001&p_NumeroLc=010&p_AnioLc=2002&ConSin=1
"ADMINISTRACIÓN PORTUARIA INTEGRAL DE COATZACOALCOS, S.A. DE C.V.","Jefatura de Recursos Materiales",09183001,09183001-011-02,"Licitación Pública",Servicios,Nacional,1208,"FABRICACIÓN DE BOYAS",2002/11/28,191300,"FLORES RODRIGUEZ MARIA YOLANDA ESPERANZA",http://web.compranet.gob.mx:8000/pls/cnet2k2/C2ContratosAdU.detalleadq?p_numcon=1208&p_CveDep=09183&p_CveUni=001&p_NumeroLc=011&p_AnioLc=2002&ConSin=1
"ADMINISTRACIÓN PORTUARIA INTEGRAL DE COATZACOALCOS, S.A. DE C.V.","Jefatura de Recursos Materiales",09183001,09183001-012-02,"Licitación Pública",Adquisiciones,Nacional,1199,"ADQUISICIÓN DE EQUIPO DE TRANSPORTE",2002/11/27,139900,"JUAN OSORIO LOPEZ AUTOS, S.A. DE C.V.",http://web.compranet.gob.mx:8000/pls/cnet2k2/C2ContratosAdU.detalleadq?p_numcon=1199&p_CveDep=09183&p_CveUni=001&p_NumeroLc=012&p_AnioLc=2002&ConSin=1
"ADMINISTRACIÓN PORTUARIA INTEGRAL DE COATZACOALCOS, S.A. DE C.V.","Jefatura de Recursos Materiales",09183001,09183001-013-02,"Licitación Pública",Adquisiciones,Nacional,1203,"ADQUISICIÓN DE PAPELERÍA Y CONSUMIBLES DE CÓMPUTO",2002/11/28,94653,"PAPELERÍA SURTIDORA EJECUTIVA DE OFICINAS, S.A. DE C.V.",http://web.compranet.gob.mx:8000/pls/cnet2k2/C2ContratosAdU.detalleadq?p_numcon=1203&p_CveDep=09183&p_CveUni=001&p_NumeroLc=013&p_AnioLc=2002&ConSin=1
"ADMINISTRACIÓN PORTUARIA INTEGRAL DE COATZACOALCOS, S.A. DE C.V.","Jefatura de Recursos Materiales",09183001,09183001-013-02,"Licitación Pública",Adquisiciones,Nacional,1212,"ADQUISICIÓN DE PAPELERÍA Y CONSUMIBLES DE CÓMPUTO",2002/12/02,3087,"PAPELERÍA SURTIDORA EJECUTIVA DE OFICINAS, S.A. DE C.V.",http://web.compranet.gob.mx:8000/pls/cnet2k2/C2ContratosAdU.detalleadq?p_numcon=1212&p_CveDep=09183&p_CveUni=001&p_NumeroLc=013&p_AnioLc=2002&ConSin=1
"ADMINISTRACIÓN PORTUARIA INTEGRAL DE COATZACOALCOS, S.A. DE C.V.","Jefatura de Recursos Materiales",09183001,09183001-009-02,"Licitación Pública",Adquisiciones,Nacional,1147,"ADQUISICION DE EQUIPO DE SEGURIDAD Y CONTRAINCENDIO",2002/11/01,1416,"IMPORTADORA Y COM. DE ARTS. DE SEG. Y C. INCENDIO,SA..DE C.V",http://web.compranet.gob.mx:8000/pls/cnet2k2/C2ContratosAdU.detalleadq?p_numcon=1147&p_CveDep=09183&p_CveUni=001&p_NumeroLc=009&p_AnioLc=2002&ConSin=1
"ADMINISTRACIÓN PORTUARIA INTEGRAL DE COATZACOALCOS, S.A. DE C.V.","Jefatura de Proyectos y Construcción",9183002,09183002-003-02,"Licitación Pública","Obra Publica",Internacional,2-API-GOI-25-0-2,"DRAGADO DE MANTENIMIENTO EN EL PUERTO DE COATZACOALCOS, VER.",2002/06/28,33980124.26,"DRAGAMEX, S.A. DE C.V.",http://web.compranet.gob.mx:8000/pls/cnet2k2/C2ContratosOpU.detalle?p_numconobr=2-API-GOI-25-0-2&p_CveDep=09183&p_CveUni=002&p_NumeroLc=003&p_AnioLc=2002&ConSin=1
"ADMINISTRACIÓN PORTUARIA INTEGRAL DE COATZACOALCOS, S.A. DE C.V.","Jefatura de Proyectos y Construcción",9183002,09183002-004-02,"Licitación Pública","Obra Publica",Nacional,2-API-GOI-33-0-2,"TRABAJOS DE MANTENIMIENTO GENERAL EN TALLERES, COBERTIZOS DE SERVICIOS CONEXOS, ÁREAS EXTERIORES Y OFICIAS DE LA API",2002/07/22,1834238.97,"ADMON. TRANSP. Y CONSTRUCCIONES DEL PTO.DE VER, S.A. DE C.V ",http://web.compranet.gob.mx:8000/pls/cnet2k2/C2ContratosOpU.detalle?p_numconobr=2-API-GOI-33-0-2&p_CveDep=09183&p_CveUni=002&p_NumeroLc=004&p_AnioLc=2002&ConSin=1
"ADMINISTRACIÓN PORTUARIA INTEGRAL DE COATZACOALCOS, S.A. DE C.V.","Jefatura de Proyectos y Construcción",9183002,09183002-005-02,"Licitación Pública","Servicios relacionados con obra publica",Nacional,2-API-GOI-34-0-2,"SUPERVISIÓN DE LOS TRABAJOS DE DRAGADO DE MANTENIMIENTO",2002/07/25,608702.98,"OCEANOGRAFÍA, S.A. DE C.V.",http://web.compranet.gob.mx:8000/pls/cnet2k2/C2ContratosOpU.detalle?p_numconobr=2-API-GOI-34-0-2&p_CveDep=09183&p_CveUni=002&p_NumeroLc=005&p_AnioLc=2002&ConSin=1
"ADMINISTRACIÓN PORTUARIA INTEGRAL DE COATZACOALCOS, S.A. DE C.V.","Jefatura de Proyectos y Construcción",9183002,09183002-006-02,"Licitación Pública","Obra Publica",Nacional,2-API-GOI-40-0-2,"PROLONGACIÓN DE ESCOLLERAS CON BOLSAS DE FIBRA SINTÉTICA RELLENAS DE ARENA (LADO DE COATZACOALCOS)",2002/08/20,6930790.9,"CONTROL DE EROSION, S.A. DE C.V.",http://web.compranet.gob.mx:8000/pls/cnet2k2/C2ContratosOpU.detalle?p_numconobr=2-API-GOI-40-0-2&p_CveDep=09183&p_CveUni=002&p_NumeroLc=006&p_AnioLc=2002&ConSin=1
"ADMINISTRACIÓN PORTUARIA INTEGRAL DE COATZACOALCOS, S.A. DE C.V.","Jefatura de Proyectos y Construcción",9183002,09183002-007-02,"Licitación Pública","Obra Publica",Nacional,2-API-GOI-39-0-2,"REHABILITACIÓN DE VÍAS FÉRREAS EN MUELLE No. 8 Y PAVIMENTACIÓN CON CONCRETO HIDRÁULICO DE VÍAS",2002/08/20,2545825.58,"CONSORCIO INDUSTRIAL Y FERROVIARIO, S.A. DE C.V.",http://web.compranet.gob.mx:8000/pls/cnet2k2/C2ContratosOpU.detalle?p_numconobr=2-API-GOI-39-0-2&p_CveDep=09183&p_CveUni=002&p_NumeroLc=007&p_AnioLc=2002&ConSin=1
"ADMINISTRACIÓN PORTUARIA INTEGRAL DE COATZACOALCOS, S.A. DE C.V.","Jefatura de Proyectos y Construcción",9183002,09183002-008-02,"Licitación Pública","Obra Publica",Nacional,2-API-GOI-42-0-2,"MANTENIMIENTO A BOYAS DE SEÑALAMIENTO MARÍTIMO",2002/08/26,969700.32,"INDUSTRIA TECNICA NAVAL Y MARITIMA, S.A. DE C.V.",http://web.compranet.gob.mx:8000/pls/cnet2k2/C2ContratosOpU.detalle?p_numconobr=2-API-GOI-42-0-2&p_CveDep=09183&p_CveUni=002&p_NumeroLc=008&p_AnioLc=2002&ConSin=1
"ADMINISTRACIÓN PORTUARIA INTEGRAL DE COATZACOALCOS, S.A. DE C.V.","Jefatura de Proyectos y Construcción",9183002,09183002-009-02,"Licitación Pública","Servicios relacionados con obra publica",Nacional,2-API-GOI-43-0-2,"PROYECTO EJECUTIVO PARA LA CONSTRUCCIÓN DE CRIADEROS DE FLORA Y FAUNA DE LA REGIÓN EN EL PARQUE ECOLÓGICO DE LA API.",2002/08/26,124270.16,"DEER CONSTRUCCIONES Y ARQUITECTURA, S.A. DE C.V.",http://web.compranet.gob.mx:8000/pls/cnet2k2/C2ContratosOpU.detalle?p_numconobr=2-API-GOI-43-0-2&p_CveDep=09183&p_CveUni=002&p_NumeroLc=009&p_AnioLc=2002&ConSin=1
"ADMINISTRACIÓN PORTUARIA INTEGRAL DE COATZACOALCOS, S.A. DE C.V.","Jefatura de Proyectos y Construcción",9183002,09183002-010-02,"Licitación Pública","Obra Publica",Nacional,2-AP-GOI-46-0-2,"CONSTRUCCIÓN DE BODEGA DE USOS MÚLTIPLES CON CAPACIDAD DE 5,000 M2",2002/10/18,13473190.45,"GRUPO RAUDALES, S.A. DE C.V.",http://web.compranet.gob.mx:8000/pls/cnet2k2/C2ContratosOpU.detalle?p_numconobr=2-AP-GOI-46-0-2&p_CveDep=09183&p_CveUni=002&p_NumeroLc=010&p_AnioLc=2002&ConSin=1
"ADMINISTRACIÓN PORTUARIA INTEGRAL DE COATZACOALCOS, S.A. DE C.V.","Jefatura de Proyectos y Construcción",9183002,09183002-011-02,"Licitación Pública","Obra Publica",Nacional,2-API-GOI-48-0-2,"PAVIMENTACIÓN CON CONCRETO HIDRÁULICO DE LA AVENIDA MALINALLI",2002/10/30,2831226.65,"ADMON. TRANSP. Y CONSTRUCCIONES DEL PTO.DE VER, S.A. DE C.V ",http://web.compranet.gob.mx:8000/pls/cnet2k2/C2ContratosOpU.detalle?p_numconobr=2-API-GOI-48-0-2&p_CveDep=09183&p_CveUni=002&p_NumeroLc=011&p_AnioLc=2002&ConSin=1
"ADMINISTRACIÓN PORTUARIA INTEGRAL DE COATZACOALCOS, S.A. DE C.V.","Jefatura de Proyectos y Construcción",9183002,09183002-001-02,"Licitación Pública","Obra Publica",Nacional,2-API-GOI-08-0-2,"HINCADO DE TABLAESTACAS EN MUELLES",2002/03/01,5172909.83,"OBRAS PORTUARIAS DE COATZACOALCOS, S.A. DE C.V.",http://web.compranet.gob.mx:8000/pls/cnet2k2/C2ContratosOpU.detalle?p_numconobr=2-API-GOI-08-0-2&p_CveDep=09183&p_CveUni=002&p_NumeroLc=001&p_AnioLc=2002&ConSin=1
"ADMINISTRACIÓN PORTUARIA INTEGRAL DE COATZACOALCOS, S.A. DE C.V.","Jefatura de Proyectos y Construcción",9183002,09183002-002-02,"Licitación Pública","Obra Publica",Nacional,2-API-GOI-15-0-2,"ELECTRIFICACIÓN EN MUELLES",2002/04/01,1253088.24,"F.N.T. S.A DE C.V.",http://web.compranet.gob.mx:8000/pls/cnet2k2/C2ContratosOpU.detalle?p_numconobr=2-API-GOI-15-0-2&p_CveDep=09183&p_CveUni=002&p_NumeroLc=002&p_AnioLc=2002&ConSin=1
"ADMINISTRACIÓN PORTUARIA INTEGRAL DE DOS BOCAS, S.A. DE C.V.","Jefatura de Recursos Materiales y Servicios Generales",09180001,09180001-019-02,"Licitación Pública",Adquisiciones,Nacional,050/2002,"Adquisición de bienes informáticos y equipo de oficina",2002/10/16,152550.77,"TNET, S.A. DE C.V.",http://web.compranet.gob.mx:8000/pls/cnet2k2/C2ContratosAdU.detalleadq?p_numcon=050/2002&p_CveDep=09180&p_CveUni=001&p_NumeroLc=019&p_AnioLc=2002&ConSin=1
"ADMINISTRACIÓN PORTUARIA INTEGRAL DE DOS BOCAS, S.A. DE C.V.","Jefatura de Recursos Materiales y Servicios Generales",09180001,09180001-019-02,"Licitación Pública",Adquisiciones,Nacional,051/2002,"Adquisición de bienes informáticos y equipo de oficina",2002/10/15,17468.75,"MACRISSA S.A. DE C.CV",http://web.compranet.gob.mx:8000/pls/cnet2k2/C2ContratosAdU.detalleadq?p_numcon=051/2002&p_CveDep=09180&p_CveUni=001&p_NumeroLc=019&p_AnioLc=2002&ConSin=1
"ADMINISTRACIÓN PORTUARIA INTEGRAL DE DOS BOCAS, S.A. DE C.V.","Jefatura de Recursos Materiales y Servicios Generales",09180001,09180001-019-02,"Licitación Pública",Adquisiciones,Nacional,052/2002,"Adquisición de bienes informáticos y equipo de oficina",2002/10/15,45257.63,"EDUMATICA TECNOLOGIAS DE INFORMACION SA DE CV",http://web.compranet.gob.mx:8000/pls/cnet2k2/C2ContratosAdU.detalleadq?p_numcon=052/2002&p_CveDep=09180&p_CveUni=001&p_NumeroLc=019&p_AnioLc=2002&ConSin=1
"ADMINISTRACIÓN PORTUARIA INTEGRAL DE DOS BOCAS, S.A. DE C.V.","Jefatura de Recursos Materiales y Servicios Generales",09180001,09180001-002-02,"Licitación Pública",Adquisiciones,Nacional,MS2000/001/02,"Contratación de papelería, artículos de oficina, accesorios y consumibles para el equipo de cómputo",2002/02/27,624939,"DUNIA ISABEL VAZQUEZ PERALTA",http://web.compranet.gob.mx:8000/pls/cnet2k2/C2ContratosAdU.detalleadq?p_numcon=MS2000/001/02&p_CveDep=09180&p_CveUni=001&p_NumeroLc=002&p_AnioLc=2002&ConSin=1
"ADMINISTRACIÓN PORTUARIA INTEGRAL DE DOS BOCAS, S.A. DE C.V.","Jefatura de Recursos Materiales y Servicios Generales",09180001,09180001-006-02,"Licitación Pública",Servicios,Nacional,SG/3000/005/02,"Servicio de internet inalámbrico",2002/02/18,96000,"NEXUS NET,  SA DE CV",http://web.compranet.gob.mx:8000/pls/cnet2k2/C2ContratosAdU.detalleadq?p_numcon=SG/3000/005/02&p_CveDep=09180&p_CveUni=001&p_NumeroLc=006&p_AnioLc=2002&ConSin=1
"ADMINISTRACIÓN PORTUARIA INTEGRAL DE DOS BOCAS, S.A. DE C.V.","Jefatura de Recursos Materiales y Servicios Generales",09180001,09180001-007-02,"Licitación Pública",Servicios,Nacional,SG3000/007/02,"contratación abierta del mantenimiento preventivo y correctivo a vehiculos automotores",2002/03/08,300000,"AMADA ROCIO CRUZ",http://web.compranet.gob.mx:8000/pls/cnet2k2/C2ContratosAdU.detalleadq?p_numcon=SG3000/007/02&p_CveDep=09180&p_CveUni=001&p_NumeroLc=007&p_AnioLc=2002&ConSin=1
"ADMINISTRACIÓN PORTUARIA INTEGRAL DE DOS BOCAS, S.A. DE C.V.","Jefatura de Recursos Materiales y Servicios Generales",09180001,09180001-011-02,"Licitación Pública",Adquisiciones,Nacional,019/2002,"adquisición de bienes informáticos",2002/05/17,68923.85,"GRUPO INTEGRAL PUEBLA , S.A. DE C.V.",http://web.compranet.gob.mx:8000/pls/cnet2k2/C2ContratosAdU.detalleadq?p_numcon=019/2002&p_CveDep=09180&p_CveUni=001&p_NumeroLc=011&p_AnioLc=2002&ConSin=1
"ADMINISTRACIÓN PORTUARIA INTEGRAL DE DOS BOCAS, S.A. DE C.V.","Jefatura de Recursos Materiales y Servicios Generales",09180001,09180001-011-02,"Licitación Pública",Adquisiciones,Nacional,020/2002,"adquisición de bienes informáticos",2002/05/17,3784,"EDUMATICA TECNOLOGIAS DE INFORMACION SA DE CV",http://web.compranet.gob.mx:8000/pls/cnet2k2/C2ContratosAdU.detalleadq?p_numcon=020/2002&p_CveDep=09180&p_CveUni=001&p_NumeroLc=011&p_AnioLc=2002&ConSin=1
"ADMINISTRACIÓN PORTUARIA INTEGRAL DE DOS BOCAS, S.A. DE C.V.","Jefatura de Recursos Materiales y Servicios Generales",09180001,09180001-011-02,"Licitación Pública",Adquisiciones,Nacional,021/2002,"adquisición de bienes informáticos",2002/05/17,14976,"CORPORATIVO ROVITEK S.A. DE C.V.",http://web.compranet.gob.mx:8000/pls/cnet2k2/C2ContratosAdU.detalleadq?p_numcon=021/2002&p_CveDep=09180&p_CveUni=001&p_NumeroLc=011&p_AnioLc=2002&ConSin=1
"ADMINISTRACIÓN PORTUARIA INTEGRAL DE DOS BOCAS, S.A. DE C.V.","Jefatura de Recursos Materiales y Servicios Generales",09180001,09180001-010-02,"Licitación Pública",Adquisiciones,Nacional,MS2000/002/02,"Suministro  de combustible (gasolina)",2002/04/23,99860.4,"EFECTIVALE,S.A. DE C.V.",http://web.compranet.gob.mx:8000/pls/cnet2k2/C2ContratosAdU.detalleadq?p_numcon=MS2000/002/02&p_CveDep=09180&p_CveUni=001&p_NumeroLc=010&p_AnioLc=2002&ConSin=1
"ADMINISTRACIÓN PORTUARIA INTEGRAL DE DOS BOCAS, S.A. DE C.V.","Jefatura de Recursos Materiales y Servicios Generales",9180001,09180001-017-02,"Licitación Pública","Obra Publica",Nacional,APIDB-OP-010/02,"REPARACION DE GRIETAS EN MURO MILANO DE MUELLES DE LA TERMINAL DE ABASTECIMIENTO",2002/09/26,1624227.13,"CONSTRUCCIONES CIVILES Y ELECTROMECANICAS DE PARAISO, S.A DE C.V.",http://web.compranet.gob.mx:8000/pls/cnet2k2/C2ContratosOpU.detalle?p_numconobr=APIDB-OP-010/02&p_CveDep=09180&p_CveUni=001&p_NumeroLc=017&p_AnioLc=2002&ConSin=1
"ADMINISTRACIÓN PORTUARIA INTEGRAL DE DOS BOCAS, S.A. DE C.V.","Jefatura de Recursos Materiales y Servicios Generales",9180001,09180001-018-02,"Licitación Pública","Obra Publica",Nacional,APIDB-OP-009/02,"DRAGADO DE MANTENIMIENTO",2002/09/25,16357043.11,"CONSTRUCCIONES Y DRAGADOS DEL SURESTE S.A. DE C.V",http://web.compranet.gob.mx:8000/pls/cnet2k2/C2ContratosOpU.detalle?p_numconobr=APIDB-OP-009/02&p_CveDep=09180&p_CveUni=001&p_NumeroLc=018&p_AnioLc=2002&ConSin=1
"ADMINISTRACIÓN PORTUARIA INTEGRAL DE DOS BOCAS, S.A. DE C.V.","Jefatura de Recursos Materiales y Servicios Generales",9180001,09180001-016-02,"Licitación Pública","Obra Publica",Nacional,APIDB-OP-007/02,"Mantenimiento al Rompeolas Oriente de Puerto de Dos Bocas, Tabasco,",2002/08/12,9144588.29,"INMOBILIARIA ALTAMAR S.A. DE C.V.",http://web.compranet.gob.mx:8000/pls/cnet2k2/C2ContratosOpU.detalle?p_numconobr=APIDB-OP-007/02&p_CveDep=09180&p_CveUni=001&p_NumeroLc=016&p_AnioLc=2002&ConSin=1
"ADMINISTRACIÓN PORTUARIA INTEGRAL DE DOS BOCAS, S.A. DE C.V.","Jefatura de Recursos Materiales y Servicios Generales",9180001,09180001-020-02,"Licitación Pública","Obra Publica",Nacional,APIDBO-OP-012/02,"Mantenimiento al Rompeolas Oriente de Puerto de Dos Bocas, Tabasco",2002/10/18,10803344.76,"GUTIERREZ DE VELASCO, S.A. DE C.V.",http://web.compranet.gob.mx:8000/pls/cnet2k2/C2ContratosOpU.detalle?p_numconobr=APIDBO-OP-012/02&p_CveDep=09180&p_CveUni=001&p_NumeroLc=020&p_AnioLc=2002&ConSin=1
"ADMINISTRACIÓN PORTUARIA INTEGRAL DE ENSENADA, S.A. DE C.V.","Departamento de Adquisiciones",09169001,09169001-001-02,"Licitación Pública",Adquisiciones,Nacional,API-SER-01/2002,"SERVICIO DE LIMPIEZA  EN AREAS DEL RECINTO PORTUARIO, DE LOS PUERTO DE ENSENADA Y EL SAUZAL, EN ENSENADA, BAJA CALIFORNIA",2002/02/20,688764,"NORMA ALICIA RIOS GUTIERREZ/ SERVICIOS ENSENADA",http://web.compranet.gob.mx:8000/pls/cnet2k2/C2ContratosAdU.detalleadq?p_numcon=API-SER-01/2002&p_CveDep=09169&p_CveUni=001&p_NumeroLc=001&p_AnioLc=2002&ConSin=1
"ADMINISTRACIÓN PORTUARIA INTEGRAL DE ENSENADA, S.A. DE C.V.","Gerencia de Ingeniería y Operación",9169002,09169002-002-02,"Licitación Pública","Obra Publica",Nacional,02-B-CC-A-08-W-0-02,"MANTENIMIENTO A LA INFRAESTRUCTURA MARITIMO-PORTUARIA CONSISTENTE EN LA REPARACION Y BACHEO DE LOSAS DE PISO FRACTURADO EN AREA DE MUELLES Y PATIOS, REPARACION DE PANTALLAS DE TRAQUE Y APLICACION DE ANTICORROSIVO EN TORRES DE SITUACION DEL SEÑALAMIENTO MARITIMO DEL PUERTO DE ENSENADA, B.C.",2002/12/23,2450025.81,"TETRAPODO CONSTRUCTORA, S.A. DE C.V.",http://web.compranet.gob.mx:8000/pls/cnet2k2/C2ContratosOpU.detalle?p_numconobr=02-B-CC-A-08-W-0-02&p_CveDep=09169&p_CveUni=002&p_NumeroLc=002&p_AnioLc=2002&ConSin=1
"ADMINISTRACIÓN PORTUARIA INTEGRAL DE GUAYMAS, S.A. DE C.V.","Departamento de Recursos Materiales",09177002,09177002-002-02,"Licitación Pública",Servicios,Nacional,013/2002,"CONTRATACIÓN DE LA PRESTACIÓN DE SERVICIOS DE LIMPIEZA EN GENERAL EN INSTALACIONES CONCESIONADAS A LA APIGUAY, UBICADAS EN EL RECINTO PORTUARIO DE GUAYMAS, SONORA",2002/03/27,410024.4,"OLIVIA AGUAYO GONZÁLEZ",http://web.compranet.gob.mx:8000/pls/cnet2k2/C2ContratosAdU.detalleadq?p_numcon=013/2002&p_CveDep=09177&p_CveUni=002&p_NumeroLc=002&p_AnioLc=2002&ConSin=1
"ADMINISTRACIÓN PORTUARIA INTEGRAL DE GUAYMAS, S.A. DE C.V.","Departamento de Recursos Materiales",9177002,09177002-011-02,"Licitación Pública","Obra Publica",Nacional,037/2002,"DRAGADO DE AMPLIACIÓN DE LA DÁRSENA DE CIABOGA, ESTIMANDO 150,000 M3 APROXIMADAMENTE Y EL DRAGADO DEL PARAMENTO DE LOS MUELLES ESTE Y SUR DEL RECINTO PORTUARIO DE GUAYMAS, SONORA, ESTIMANDO 15,000 M3 APROXIMADAMENTE",2002/10/11,9168000,"DRAGAMEX, S.A. DE C.V.",http://web.compranet.gob.mx:8000/pls/cnet2k2/C2ContratosOpU.detalle?p_numconobr=037/2002&p_CveDep=09177&p_CveUni=002&p_NumeroLc=011&p_AnioLc=2002&ConSin=1
"ADMINISTRACIÓN PORTUARIA INTEGRAL DE GUAYMAS, S.A. DE C.V.","Departamento de Recursos Materiales",9177002,09177002-010-02,"Licitación Pública","Obra Publica",Nacional,030/2002,"Rehabilitación de Calzada Principal y construcción de Vialidad a Banda Oeste en Guaymas, Sonora",2002/07/30,5585600.85,"PROCONDET, S.A. DE C.V.",http://web.compranet.gob.mx:8000/pls/cnet2k2/C2ContratosOpU.detalle?p_numconobr=030/2002&p_CveDep=09177&p_CveUni=002&p_NumeroLc=010&p_AnioLc=2002&ConSin=1
"ADMINISTRACIÓN PORTUARIA INTEGRAL DE LÁZARO CÁRDENAS, S.A. DE C.V.","Departamento de Recursos Materiales",09178001,09178001-001-02,"Licitación Pública",Servicios,Nacional,I-20-2002-GAF,"SERVICIO DE MANTENIMIENTO PREVENTIVO Y CORRECTIVO AL BUQUE REMOLCADOR TARASCO.",2002/03/18,598359.58,"SERVICIOS NAVALES E INDUSTRIALES, S.A. DE C.V.",http://web.compranet.gob.mx:8000/pls/cnet2k2/C2ContratosAdU.detalleadq?p_numcon=I-20-2002-GAF&p_CveDep=09178&p_CveUni=001&p_NumeroLc=001&p_AnioLc=2002&ConSin=1
"ADMINISTRACIÓN PORTUARIA INTEGRAL DE LÁZARO CÁRDENAS, S.A. DE C.V.","Departamento de Recursos Materiales",09178001,09178001-002-02,"Licitación Pública",Adquisiciones,Internacional,I-66-2002-GAF,"ADQUISICION Y SUMINISTRO DE UNA BOYA DE MAR Y UNA BOYA DE CANAL.",2002/10/07,74390,"IMPORTACIONES Y SERVICIOS MARRIC, S.A. DE C.V.",http://web.compranet.gob.mx:8000/pls/cnet2k2/C2ContratosAdU.detalleadq?p_numcon=I-66-2002-GAF&p_CveDep=09178&p_CveUni=001&p_NumeroLc=002&p_AnioLc=2002&ConSin=1
"ADMINISTRACIÓN PORTUARIA INTEGRAL DE LÁZARO CÁRDENAS, S.A. DE C.V.","Departamento de Recursos Materiales",09178001,09178001-003-02,"Licitación Pública",Adquisiciones,Nacional,I-69-2002-GAF,"ADQUISICION DE UN CAMION CISTERNA DE 20,000  LTS. DE CAPACIDAD.",2002/10/18,528695.65,"DISTRIBUIDORA DE AUTOS Y CAMIONES DE ZAMORA S.A DE C.V",http://web.compranet.gob.mx:8000/pls/cnet2k2/C2ContratosAdU.detalleadq?p_numcon=I-69-2002-GAF&p_CveDep=09178&p_CveUni=001&p_NumeroLc=003&p_AnioLc=2002&ConSin=1
"ADMINISTRACIÓN PORTUARIA INTEGRAL DE LÁZARO CÁRDENAS, S.A. DE C.V.","Departamento de Recursos Materiales",09178001,09178001-004-02,"Licitación Pública",Adquisiciones,Internacional,I-81-2002-GAF,"EQUIPO TOPOHIDROGRAFICO",2002/12/12,107979.95,"NAUTICA, S.A. DE C.V.",http://web.compranet.gob.mx:8000/pls/cnet2k2/C2ContratosAdU.detalleadq?p_numcon=I-81-2002-GAF&p_CveDep=09178&p_CveUni=001&p_NumeroLc=004&p_AnioLc=2002&ConSin=1
"ADMINISTRACIÓN PORTUARIA INTEGRAL DE LÁZARO CÁRDENAS, S.A. DE C.V.","Departamento de Recursos Materiales",09178001,09178001-008-02,"Licitación Pública",Servicios,Nacional,I-115-2202-GAF,"PRESTACIÓN DE SERVICIOS PROFESIONALES DE AGENTE COORDINADOR DE CONCURSO PUBLICO",2002/12/17,3700000,"IXE BANCO, S.A., INSTITUCION DE BANCA MULTIPLE, IXE GRUPO FINANCIERO",http://web.compranet.gob.mx:8000/pls/cnet2k2/C2ContratosAdU.detalleadq?p_numcon=I-115-2202-GAF&p_CveDep=09178&p_CveUni=001&p_NumeroLc=008&p_AnioLc=2002&ConSin=1
"ADMINISTRACIÓN PORTUARIA INTEGRAL DE LÁZARO CÁRDENAS, S.A. DE C.V.","Departamento de Recursos Materiales",09178001,09178001-010-02,"Licitación Pública",Servicios,Nacional,I-117-2002-GAF,"Limpieza Integral a Instalaciones de Oficinas, äreas de estacionamientos, áreas comunes, patios, áreas verdes, control de maleza y limpieza en los márgenes laterales y vialidades comunes, ubicadas dentro del Recinto Portuario de Lázaro Cárdenas, Mich., así como terrenos propiedad de la misma.",2002/12/19,2085148.8,"LIMPIEZA PROFESIONAL DE MICHOACAN",http://web.compranet.gob.mx:8000/pls/cnet2k2/C2ContratosAdU.detalleadq?p_numcon=I-117-2002-GAF&p_CveDep=09178&p_CveUni=001&p_NumeroLc=010&p_AnioLc=2002&ConSin=1
"ADMINISTRACIÓN PORTUARIA INTEGRAL DE LÁZARO CÁRDENAS, S.A. DE C.V.","Departamento de Recursos Materiales",09178001,09178001-006-02,"Licitación Pública",Adquisiciones,Nacional,I-114-2002-GAF,"FIBRA OPTICA",2002/12/13,625773.5,"CORPOELECTRONICA S.A.DE C.V.",http://web.compranet.gob.mx:8000/pls/cnet2k2/C2ContratosAdU.detalleadq?p_numcon=I-114-2002-GAF&p_CveDep=09178&p_CveUni=001&p_NumeroLc=006&p_AnioLc=2002&ConSin=1
"ADMINISTRACIÓN PORTUARIA INTEGRAL DE LÁZARO CÁRDENAS, S.A. DE C.V.","Departamento de Recursos Materiales",09178001,09178001-005-02,"Licitación Pública",Adquisiciones,Nacional,I-85-2002-GAF,"4 AUTOMOVILES SEDAN 4 PUERTAS Y UNA CAMIONETA PICK-UP 4 CILINDROS",2002/12/10,458695.62,"AUTOCAMIONES IXTAPA, S.A. DE C.V.",http://web.compranet.gob.mx:8000/pls/cnet2k2/C2ContratosAdU.detalleadq?p_numcon=I-85-2002-GAF&p_CveDep=09178&p_CveUni=001&p_NumeroLc=005&p_AnioLc=2002&ConSin=1
"ADMINISTRACIÓN PORTUARIA INTEGRAL DE LÁZARO CÁRDENAS, S.A. DE C.V.","Gerencia de Ingeniería",9178002,09178002-002-02,"Licitación Pública","Obra Publica",Nacional,I-30-2002-GI,"MANTENIMIENTO A AREAS DE OFICINA, MUELLE DE CONTENEDORES, TUM I Y II Y CASETAS EN EL RECINTO PORTUARIO DE LAZARO CARDENAS, MICHOACAN.",2002/04/15,568888.88,"ARRENDADORA Y CONSTRUCTORA NACIONAL, S.A. DE C.V.",http://web.compranet.gob.mx:8000/pls/cnet2k2/C2ContratosOpU.detalle?p_numconobr=I-30-2002-GI&p_CveDep=09178&p_CveUni=002&p_NumeroLc=002&p_AnioLc=2002&ConSin=1
"ADMINISTRACIÓN PORTUARIA INTEGRAL DE LÁZARO CÁRDENAS, S.A. DE C.V.","Gerencia de Ingeniería",9178002,09178002-007-02,"Licitación Pública","Obra Publica",Nacional,I-35-2002-GI,"ADECUACION DE OFICINAS PARA ADUANA EN LA ZONA SUR DEL PUERTO DE LAZARO CARDENAS, MICHOACAN",2002/06/14,1849879.73,"CONSTRUCTORA CAYRE, S.A. DE C.V.",http://web.compranet.gob.mx:8000/pls/cnet2k2/C2ContratosOpU.detalle?p_numconobr=I-35-2002-GI&p_CveDep=09178&p_CveUni=002&p_NumeroLc=007&p_AnioLc=2002&ConSin=1
"ADMINISTRACIÓN PORTUARIA INTEGRAL DE LÁZARO CÁRDENAS, S.A. DE C.V.","Gerencia de Ingeniería",9178002,09178002-008-02,"Licitación Pública","Obra Publica",Nacional,I-41-2002-GI,"RESIDENCIA DE SUPERVISION PARA LA CONSTRUCCION DE VIALIDAD PERIFERICA AL NORTE DEL RECINTO PORTUARIO DE LAZARO CARDENAS, MICH. (3ra ETAPA)",2002/06/28,580342.08,"DISEÑO ESTRUCTURAL Y CONSTRUCCIONES DE OCCIDENTE,S.A DE C.V.",http://web.compranet.gob.mx:8000/pls/cnet2k2/C2ContratosOpU.detalle?p_numconobr=I-41-2002-GI&p_CveDep=09178&p_CveUni=002&p_NumeroLc=008&p_AnioLc=2002&ConSin=1
"ADMINISTRACIÓN PORTUARIA INTEGRAL DE LÁZARO CÁRDENAS, S.A. DE C.V.","Gerencia de Ingeniería",9178002,09178002-009-02,"Licitación Pública","Obra Publica",Nacional,I-38-2002-GI,"Mantenimiento de vías férreas en el Recinto Portuario de Lázaro Cárdenas, Mich.",2002/06/26,2860760.46,"JUANA RUBIO PEREZ",http://web.compranet.gob.mx:8000/pls/cnet2k2/C2ContratosOpU.detalle?p_numconobr=I-38-2002-GI&p_CveDep=09178&p_CveUni=002&p_NumeroLc=009&p_AnioLc=2002&ConSin=1
"ADMINISTRACIÓN PORTUARIA INTEGRAL DE LÁZARO CÁRDENAS, S.A. DE C.V.","Gerencia de Ingeniería",9178002,09178002-010-02,"Licitación Pública","Obra Publica",Nacional,I-39-2002-GI,"Mantenimiento de áreas comunes, margenes y patios exteriores de oficinas y campamentos en el  Recinto Portuario de Lázaro Cárdenas, Mich.",2002/06/26,550475.87,"ARRENDADORA Y CONSTRUCTORA NACIONAL, S.A. DE C.V.",http://web.compranet.gob.mx:8000/pls/cnet2k2/C2ContratosOpU.detalle?p_numconobr=I-39-2002-GI&p_CveDep=09178&p_CveUni=002&p_NumeroLc=010&p_AnioLc=2002&ConSin=1
"ADMINISTRACIÓN PORTUARIA INTEGRAL DE LÁZARO CÁRDENAS, S.A. DE C.V.","Gerencia de Ingeniería",9178002,09178002-011-02,"Licitación Pública","Obra Publica",Nacional,I-42-2002-GI,"Construcción del seno de escollera Oeste en el Recinto Portuario de Lázaro Cárdenas, Mich. (4ta Etapa)",2002/07/03,1399867,"CONSTRUCTORES INDUSTRIALES RYA, S.A. DE C.V.",http://web.compranet.gob.mx:8000/pls/cnet2k2/C2ContratosOpU.detalle?p_numconobr=I-42-2002-GI&p_CveDep=09178&p_CveUni=002&p_NumeroLc=011&p_AnioLc=2002&ConSin=1
"ADMINISTRACIÓN PORTUARIA INTEGRAL DE LÁZARO CÁRDENAS, S.A. DE C.V.","Gerencia de Ingeniería",9178002,09178002-012-02,"Licitación Pública","Obra Publica",Nacional,I-43-2002-GI,"Reparación de la protección playera Suroeste en el Recinto Portuario de Lázaro Cárdenas, Mich. (2da. Etapa)",2002/07/03,7037574.22,"CONSTRUCTORES INDUSTRIALES RYA, S.A. DE C.V.",http://web.compranet.gob.mx:8000/pls/cnet2k2/C2ContratosOpU.detalle?p_numconobr=I-43-2002-GI&p_CveDep=09178&p_CveUni=002&p_NumeroLc=012&p_AnioLc=2002&ConSin=1